{"success":true,"message":"","result":{"Bid":0.00000425,"Ask":0.00000435,"Last":0.00000425}}