{"success":true,"message":"","result":{"Bid":0.00000040,"Ask":0.00000041,"Last":0.00000040}}