{"success":true,"message":"","result":{"Bid":0.00002542,"Ask":0.00002674,"Last":0.00002674}}