{"success":true,"message":"","result":{"Bid":0.00001201,"Ask":0.00001257,"Last":0.00001201}}