{"success":true,"message":"","result":{"Bid":0.00032700,"Ask":0.00032867,"Last":0.00032005}}