{"success":true,"message":"","result":{"Bid":0.00000664,"Ask":0.00000699,"Last":0.00000717}}