{"success":true,"message":"","result":{"Bid":0.00060500,"Ask":0.00061785,"Last":0.00060500}}