{"success":true,"message":"","result":{"Bid":0.00002855,"Ask":0.00002990,"Last":0.00002990}}