{"success":true,"message":"","result":{"Bid":0.00002800,"Ask":0.00002895,"Last":0.00002800}}