{"success":true,"message":"","result":{"Bid":0.00000360,"Ask":0.00000418,"Last":0.00000404}}