{"success":true,"message":"","result":{"Bid":0.00000131,"Ask":0.00000139,"Last":0.00000135}}