{"success":true,"message":"","result":{"Bid":0.00000099,"Ask":0.00000104,"Last":0.00000104}}