{"success":true,"message":"","result":{"Bid":0.00000198,"Ask":0.00000207,"Last":0.00000203}}