{"success":true,"message":"","result":{"Bid":0.00005250,"Ask":0.00005408,"Last":0.00005250}}