{"success":true,"message":"","result":{"Bid":0.00002913,"Ask":0.00002915,"Last":0.00002915}}