{"success":true,"message":"","result":{"Bid":0.00001559,"Ask":0.00001645,"Last":0.00001770}}