{"success":true,"message":"","result":{"Bid":0.00000010,"Ask":0.00000011,"Last":0.00000010}}