{"success":true,"message":"","result":{"Bid":0.00000045,"Ask":0.00000050,"Last":0.00000050}}