{"success":true,"message":"","result":{"Bid":594.00000000,"Ask":615.90020000,"Last":594.00000000}}