{"success":true,"message":"","result":{"Bid":0.00002605,"Ask":0.00003065,"Last":0.00002440}}