{"success":true,"message":"","result":{"Bid":0.00000289,"Ask":0.00000322,"Last":0.00000311}}