{"success":true,"message":"","result":{"Bid":0.00000111,"Ask":0.00000115,"Last":0.00000112}}