{"success":true,"message":"","result":{"Bid":0.00038022,"Ask":0.00039773,"Last":0.00038022}}