{"success":true,"message":"","result":{"Bid":0.00003170,"Ask":0.00003343,"Last":0.00003182}}