{"success":true,"message":"","result":{"Bid":0.00008972,"Ask":0.00009164,"Last":0.00008971}}