{"success":true,"message":"","result":{"Bid":0.00113880,"Ask":0.00121145,"Last":0.00121145}}