{"success":true,"message":"","result":{"Bid":0.00000434,"Ask":0.00000464,"Last":0.00000453}}