{"success":true,"message":"","result":{"Bid":0.00009008,"Ask":0.00009331,"Last":0.00009014}}