{"success":true,"message":"","result":{"Bid":0.00000060,"Ask":0.00000066,"Last":0.00000060}}