{"success":true,"message":"","result":{"Bid":0.01772646,"Ask":0.01789999,"Last":0.01771542}}