{"success":true,"message":"","result":{"Bid":0.00000805,"Ask":0.00000841,"Last":0.00000752}}