{"success":true,"message":"","result":{"Bid":0.00000038,"Ask":0.00000040,"Last":0.00000040}}