{"success":true,"message":"","result":{"Bid":0.00012697,"Ask":0.00014611,"Last":0.00014626}}