{"success":true,"message":"","result":{"Bid":0.00008894,"Ask":0.00008996,"Last":0.00008997}}