{"success":true,"message":"","result":{"Bid":0.00002124,"Ask":0.00002139,"Last":0.00002123}}