{"success":true,"message":"","result":{"Bid":0.00000268,"Ask":0.00000298,"Last":0.00000271}}