{"success":true,"message":"","result":{"Bid":0.00001739,"Ask":0.00001848,"Last":0.00001849}}