{"success":true,"message":"","result":{"Bid":0.00000797,"Ask":0.00000828,"Last":0.00000785}}