{"success":true,"message":"","result":{"Bid":0.00002101,"Ask":0.00002180,"Last":0.00002090}}