{"success":true,"message":"","result":{"Bid":0.00001352,"Ask":0.00001392,"Last":0.00001371}}