{"success":true,"message":"","result":{"Bid":0.00070933,"Ask":0.00070989,"Last":0.00070932}}