{"success":true,"message":"","result":{"Bid":0.00000170,"Ask":0.00000189,"Last":0.00000170}}