{"success":true,"message":"","result":{"Bid":0.00008401,"Ask":0.00008891,"Last":0.00008686}}