{"success":true,"message":"","result":{"Bid":0.00002505,"Ask":0.00002834,"Last":0.00002609}}