{"success":true,"message":"","result":{"Bid":0.00000048,"Ask":0.00000050,"Last":0.00000049}}