{"success":true,"message":"","result":{"Bid":0.00004040,"Ask":0.00004200,"Last":0.00004040}}