{"success":true,"message":"","result":{"Bid":3200.00000000,"Ask":5996.99999999,"Last":3100.00000000}}