{"success":true,"message":"","result":{"Bid":0.00042570,"Ask":0.00043855,"Last":0.00042583}}