{"success":true,"message":"","result":{"Bid":0.00000353,"Ask":0.00000356,"Last":0.00000354}}