{"success":true,"message":"","result":{"Bid":0.00003642,"Ask":0.00003814,"Last":0.00003814}}