{"success":true,"message":"","result":{"Bid":0.00014865,"Ask":0.00015611,"Last":0.00015849}}