{"success":true,"message":"","result":{"Bid":0.00000648,"Ask":0.00000696,"Last":0.00000671}}