{"success":true,"message":"","result":{"Bid":0.00012854,"Ask":0.00013438,"Last":0.00013438}}