{"success":true,"message":"","result":{"Bid":0.00021220,"Ask":0.00022567,"Last":0.00021800}}