{"success":true,"message":"","result":{"Bid":0.00940006,"Ask":0.01002567,"Last":0.00940006}}