{"success":true,"message":"","result":{"Bid":0.00000082,"Ask":0.00000087,"Last":0.00000083}}