{"success":true,"message":"","result":{"Bid":0.00017554,"Ask":0.00017749,"Last":0.00017551}}