{"success":true,"message":"","result":{"Bid":0.00001409,"Ask":0.00001472,"Last":0.00001409}}