{"success":true,"message":"","result":{"Bid":0.00015688,"Ask":0.00016203,"Last":0.00015746}}