{"success":true,"message":"","result":{"Bid":0.00000976,"Ask":0.00000999,"Last":0.00001136}}