{"success":true,"message":"","result":{"Bid":0.00005163,"Ask":0.00005224,"Last":0.00005225}}