{"success":true,"message":"","result":{"Bid":0.00000774,"Ask":0.00000785,"Last":0.00000774}}