{"success":true,"message":"","result":{"Bid":0.00000139,"Ask":0.00000141,"Last":0.00000140}}