{"success":true,"message":"","result":{"Bid":0.00000724,"Ask":0.00000804,"Last":0.00000753}}