{"success":true,"message":"","result":{"Bid":0.00001040,"Ask":0.00001103,"Last":0.00001073}}