{"success":true,"message":"","result":{"Bid":0.00025002,"Ask":0.00034352,"Last":0.00021500}}