{"success":true,"message":"","result":{"Bid":0.00000967,"Ask":0.00000978,"Last":0.00000950}}