{"success":true,"message":"","result":{"Bid":0.00009600,"Ask":0.00009765,"Last":0.00009600}}