{"success":true,"message":"","result":{"Bid":0.00005426,"Ask":0.00005435,"Last":0.00005425}}