{"success":true,"message":"","result":{"Bid":0.00000287,"Ask":0.00000324,"Last":0.00000294}}