{"success":true,"message":"","result":{"Bid":0.00001157,"Ask":0.00001726,"Last":0.00001722}}