{"success":true,"message":"","result":{"Bid":0.00004080,"Ask":0.00004474,"Last":0.00004043}}