{"success":true,"message":"","result":{"Bid":0.00048501,"Ask":0.00049958,"Last":0.00049958}}