{"success":true,"message":"","result":{"Bid":0.00001259,"Ask":0.00001515,"Last":0.00001515}}