{"success":true,"message":"","result":{"Bid":0.00629860,"Ask":0.00631000,"Last":0.00631000}}