{"success":true,"message":"","result":{"Bid":0.00000417,"Ask":0.00000425,"Last":0.00000417}}