{"success":true,"message":"","result":{"Bid":0.00001372,"Ask":0.00001586,"Last":0.00001526}}