{"success":true,"message":"","result":{"Bid":0.00335948,"Ask":0.00337618,"Last":0.00335948}}