{"success":true,"message":"","result":{"Bid":0.00000529,"Ask":0.00000532,"Last":0.00000529}}