{"success":true,"message":"","result":{"Bid":0.00000320,"Ask":0.00000324,"Last":0.00000320}}