{"success":true,"message":"","result":{"Bid":0.00316136,"Ask":0.00323657,"Last":0.00325000}}