{"success":true,"message":"","result":{"Bid":0.00191184,"Ask":0.00207700,"Last":0.00191030}}