{"success":true,"message":"","result":{"Bid":0.00048027,"Ask":0.00050979,"Last":0.00054000}}