{"success":true,"message":"","result":{"Bid":0.00000051,"Ask":0.00000052,"Last":0.00000051}}