{"success":true,"message":"","result":{"Bid":0.00000140,"Ask":0.00000155,"Last":0.00000137}}