{"success":true,"message":"","result":{"Bid":0.00005025,"Ask":0.00005048,"Last":0.00005025}}