{"success":true,"message":"","result":{"Bid":0.00010991,"Ask":0.00010999,"Last":0.00011000}}