{"success":true,"message":"","result":{"Bid":0.00012728,"Ask":0.00014899,"Last":0.00014821}}