{"success":true,"message":"","result":{"Bid":0.00000251,"Ask":0.00000279,"Last":0.00000263}}