{"success":true,"message":"","result":{"Bid":0.00001109,"Ask":0.00001185,"Last":0.00001158}}