{"success":true,"message":"","result":{"Bid":0.00001222,"Ask":0.00001285,"Last":0.00001260}}