{"success":true,"message":"","result":{"Bid":0.00449964,"Ask":0.00481374,"Last":0.00481374}}