{"success":true,"message":"","result":{"Bid":0.00000430,"Ask":0.00000452,"Last":0.00000432}}