{"success":true,"message":"","result":{"Bid":0.00000228,"Ask":0.00000258,"Last":0.00000251}}