{"success":true,"message":"","result":{"Bid":0.00002156,"Ask":0.00002638,"Last":0.00002558}}