{"success":true,"message":"","result":{"Bid":0.00021211,"Ask":0.00021654,"Last":0.00021654}}