{"success":true,"message":"","result":{"Bid":0.00000003,"Ask":0.00000004,"Last":0.00000003}}