{"success":true,"message":"","result":{"Bid":0.00000019,"Ask":0.00000020,"Last":0.00000020}}