{"success":true,"message":"","result":{"Bid":0.00006648,"Ask":0.00006850,"Last":0.00006850}}