{"success":true,"message":"","result":{"Bid":0.00000205,"Ask":0.00000215,"Last":0.00000205}}