{"success":true,"message":"","result":{"Bid":0.00007423,"Ask":0.00007450,"Last":0.00007423}}