{"success":true,"message":"","result":{"Bid":0.00043008,"Ask":0.00043500,"Last":0.00043008}}