{"success":true,"message":"","result":{"Bid":0.00001779,"Ask":0.00001839,"Last":0.00001764}}