{"success":true,"message":"","result":{"Bid":0.00077000,"Ask":0.00080741,"Last":0.00080845}}