{"success":true,"message":"","result":{"Bid":0.00009530,"Ask":0.00009884,"Last":0.00009530}}