{"success":true,"message":"","result":{"Bid":0.00280001,"Ask":0.00283658,"Last":0.00279940}}