{"success":true,"message":"","result":{"Bid":0.00017403,"Ask":0.00018646,"Last":0.00018068}}