{"success":true,"message":"","result":{"Bid":0.00000024,"Ask":0.00000027,"Last":0.00000025}}