{"success":true,"message":"","result":{"Bid":0.00273051,"Ask":0.00274543,"Last":0.00273035}}