{"success":true,"message":"","result":{"Bid":0.00025401,"Ask":0.00027625,"Last":0.00025400}}