{"success":true,"message":"","result":{"Bid":0.00000640,"Ask":0.00000694,"Last":0.00000671}}