{"success":true,"message":"","result":{"Bid":0.00000032,"Ask":0.00000036,"Last":0.00000032}}