{"success":true,"message":"","result":{"Bid":0.00000229,"Ask":0.00000235,"Last":0.00000238}}