{"success":true,"message":"","result":{"Bid":0.01800000,"Ask":0.01801467,"Last":0.01799387}}