{"success":true,"message":"","result":{"Bid":0.00000636,"Ask":0.00000650,"Last":0.00000642}}