{"success":true,"message":"","result":{"Bid":0.00016305,"Ask":0.00016766,"Last":0.00016301}}