{"success":true,"message":"","result":{"Bid":0.00000053,"Ask":0.00000054,"Last":0.00000054}}