{"success":true,"message":"","result":{"Bid":0.00003504,"Ask":0.00003687,"Last":0.00003437}}