{"success":true,"message":"","result":{"Bid":0.00001000,"Ask":0.00001052,"Last":0.00001000}}