{"success":true,"message":"","result":{"Bid":0.00000403,"Ask":0.00000413,"Last":0.00000410}}