{"success":true,"message":"","result":{"Bid":0.00002055,"Ask":0.00002083,"Last":0.00002055}}