{"success":true,"message":"","result":{"Bid":0.00004811,"Ask":0.00004949,"Last":0.00004949}}