{"success":true,"message":"","result":{"Bid":0.00000090,"Ask":0.00000100,"Last":0.00000090}}