{"success":true,"message":"","result":{"Bid":0.00000335,"Ask":0.00000339,"Last":0.00000339}}