{"success":true,"message":"","result":{"Bid":0.00110838,"Ask":0.00118914,"Last":0.00114013}}