{"success":true,"message":"","result":{"Bid":0.00044400,"Ask":0.00044998,"Last":0.00043415}}