{"success":true,"message":"","result":{"Bid":0.00003950,"Ask":0.00004156,"Last":0.00003950}}