{"success":true,"message":"","result":{"Bid":0.00000064,"Ask":0.00000065,"Last":0.00000064}}