{"success":true,"message":"","result":{"Bid":0.00020002,"Ask":0.00020006,"Last":0.00020002}}