{"success":true,"message":"","result":{"Bid":0.00083500,"Ask":0.00086608,"Last":0.00084900}}