{"success":true,"message":"","result":{"Bid":0.00000634,"Ask":0.00000769,"Last":0.00000500}}