{"success":true,"message":"","result":{"Bid":0.00000052,"Ask":0.00000053,"Last":0.00000053}}