{"success":true,"message":"","result":{"Bid":0.00008381,"Ask":0.00008697,"Last":0.00008380}}