{"success":true,"message":"","result":{"Bid":0.00000155,"Ask":0.00000175,"Last":0.00000163}}