{"success":true,"message":"","result":{"Bid":0.00141500,"Ask":0.00144541,"Last":0.00141500}}