{"success":true,"message":"","result":{"Bid":0.00000245,"Ask":0.00000248,"Last":0.00000245}}