{"success":true,"message":"","result":{"Bid":0.00000055,"Ask":0.00000061,"Last":0.00000063}}