{"success":true,"message":"","result":{"Bid":0.00000958,"Ask":0.00000998,"Last":0.00001001}}