{"success":true,"message":"","result":{"Bid":0.13573000,"Ask":0.13600000,"Last":0.14000142}}