{"success":true,"message":"","result":{"Bid":0.00000464,"Ask":0.00000796,"Last":0.00000369}}