{"success":true,"message":"","result":{"Bid":0.00000085,"Ask":0.00000089,"Last":0.00000085}}