{"success":true,"message":"","result":{"Bid":0.00000205,"Ask":0.00000213,"Last":0.00000213}}