{"success":true,"message":"","result":{"Bid":0.00000127,"Ask":0.00000135,"Last":0.00000127}}