{"success":true,"message":"","result":{"Bid":0.00001123,"Ask":0.00001159,"Last":0.00001140}}