{"success":true,"message":"","result":{"Bid":0.00000150,"Ask":0.00000182,"Last":0.00000191}}