{"success":true,"message":"","result":{"Bid":0.00369711,"Ask":0.00396869,"Last":0.00397464}}