{"success":true,"message":"","result":{"Bid":0.00000902,"Ask":0.00000972,"Last":0.00000969}}