{"success":true,"message":"","result":{"Bid":0.00007764,"Ask":0.00007998,"Last":0.00007756}}