{"success":true,"message":"","result":{"Bid":0.00000137,"Ask":0.00000139,"Last":0.00000138}}