{"success":true,"message":"","result":{"Bid":0.00024023,"Ask":0.00024533,"Last":0.00024008}}