{"success":true,"message":"","result":{"Bid":0.00000420,"Ask":0.00000427,"Last":0.00000427}}