{"success":true,"message":"","result":{"Bid":0.00037515,"Ask":0.00039518,"Last":0.00037510}}