{"success":true,"message":"","result":{"Bid":0.00005900,"Ask":0.00005930,"Last":0.00005900}}