{"success":true,"message":"","result":{"Bid":0.00001029,"Ask":0.00001035,"Last":0.00001029}}