{"success":true,"message":"","result":{"Bid":0.00006384,"Ask":0.00006907,"Last":0.00007000}}