{"success":true,"message":"","result":{"Bid":0.00000890,"Ask":0.00000913,"Last":0.00000913}}