{"success":true,"message":"","result":{"Bid":0.00000031,"Ask":0.00000032,"Last":0.00000030}}