{"success":true,"message":"","result":{"Bid":0.00000001,"Ask":0.00000002,"Last":0.00000002}}