{"success":true,"message":"","result":{"Bid":0.00040175,"Ask":0.00041347,"Last":0.00041347}}