{"success":true,"message":"","result":{"Bid":0.00001497,"Ask":0.00001596,"Last":0.00001554}}