{"success":true,"message":"","result":{"Bid":0.00001223,"Ask":0.00001422,"Last":0.00001294}}