{"success":true,"message":"","result":{"Bid":0.00002165,"Ask":0.00002708,"Last":0.00002216}}