{"success":true,"message":"","result":{"Bid":0.00015155,"Ask":0.00015263,"Last":0.00015132}}