{"success":true,"message":"","result":{"Bid":0.00050284,"Ask":0.00052624,"Last":0.00050268}}