{"success":true,"message":"","result":{"Bid":0.00002515,"Ask":0.00002628,"Last":0.00002580}}