{"success":true,"message":"","result":{"Bid":0.00000590,"Ask":0.00000625,"Last":0.00000641}}