{"success":true,"message":"","result":{"Bid":0.00001506,"Ask":0.00001882,"Last":0.00001505}}