{"success":true,"message":"","result":{"Bid":0.00005526,"Ask":0.00005950,"Last":0.00005501}}