{"success":true,"message":"","result":{"Bid":0.00001257,"Ask":0.00001312,"Last":0.00001254}}