{"success":true,"message":"","result":{"Bid":0.00001976,"Ask":0.00001991,"Last":0.00001976}}