{"success":true,"message":"","result":{"Bid":0.00000002,"Ask":0.00000006,"Last":0.00000006}}