{"success":true,"message":"","result":{"Bid":0.00000105,"Ask":0.00000109,"Last":0.00000108}}