{"success":true,"message":"","result":{"Bid":0.00000044,"Ask":0.00000049,"Last":0.00000044}}