{"success":true,"message":"","result":{"Bid":0.00001505,"Ask":0.00001692,"Last":0.00001699}}