{"success":true,"message":"","result":{"Bid":0.00000118,"Ask":0.00000124,"Last":0.00000123}}