{"success":true,"message":"","result":{"Bid":0.00000036,"Ask":0.00000037,"Last":0.00000037}}