{"success":true,"message":"","result":{"Bid":0.00000535,"Ask":0.00000536,"Last":0.00000536}}