{"success":true,"message":"","result":{"Bid":0.00000304,"Ask":0.00000331,"Last":0.00000315}}