{"success":true,"message":"","result":{"Bid":0.00241630,"Ask":0.00320000,"Last":0.00307550}}