{"success":true,"message":"","result":{"Bid":0.00055858,"Ask":0.00061940,"Last":0.00054569}}