{"success":true,"message":"","result":{"Bid":0.00000449,"Ask":0.00000490,"Last":0.00000471}}