{"success":true,"message":"","result":{"Bid":0.00001164,"Ask":0.00001200,"Last":0.00001164}}