{"success":true,"message":"","result":{"Bid":0.00005626,"Ask":0.00005749,"Last":0.00005621}}