{"success":true,"message":"","result":{"Bid":0.00000262,"Ask":0.00000278,"Last":0.00000268}}