{"success":true,"message":"","result":{"Bid":0.00007100,"Ask":0.00007243,"Last":0.00007100}}