{"success":true,"message":"","result":{"Bid":0.00000043,"Ask":0.00000046,"Last":0.00000043}}