{"success":true,"message":"","result":{"Bid":0.00000035,"Ask":0.00000039,"Last":0.00000035}}