{"success":true,"message":"","result":{"Bid":0.00003119,"Ask":0.00003120,"Last":0.00003119}}