{"success":true,"message":"","result":{"Bid":0.00000639,"Ask":0.00000680,"Last":0.00000680}}