{"success":true,"message":"","result":{"Bid":0.00000874,"Ask":0.00001078,"Last":0.00001078}}