{"success":true,"message":"","result":{"Bid":0.01000215,"Ask":4.00000000,"Last":1.00000000}}