{"success":true,"message":"","result":{"Bid":0.00000017,"Ask":0.00000018,"Last":0.00000017}}