{"success":true,"message":"","result":{"Bid":0.00000006,"Ask":0.00000007,"Last":0.00000006}}