{"success":true,"message":"","result":{"Bid":0.00000087,"Ask":0.00000093,"Last":0.00000087}}