{"success":true,"message":"","result":{"Bid":0.00001204,"Ask":0.00001205,"Last":0.00001204}}