{"success":true,"message":"","result":{"Bid":0.00024844,"Ask":0.00026595,"Last":0.00024500}}