{"success":true,"message":"","result":{"Bid":0.00003227,"Ask":0.00003308,"Last":0.00003228}}