{"success":true,"message":"","result":{"Bid":0.00001123,"Ask":0.00001186,"Last":0.00001141}}