{"success":true,"message":"","result":{"Bid":0.00268661,"Ask":0.00274911,"Last":0.00265941}}