{"success":true,"message":"","result":{"Bid":0.02015111,"Ask":0.02021776,"Last":0.02021776}}