{"success":true,"message":"","result":{"Bid":0.00091431,"Ask":0.00110481,"Last":0.00111000}}