{"success":true,"message":"","result":{"Bid":0.00000122,"Ask":0.00000123,"Last":0.00000122}}