{"success":true,"message":"","result":{"Bid":0.00000008,"Ask":0.00000009,"Last":0.00000009}}