{"success":true,"message":"","result":{"Bid":0.00000124,"Ask":0.00000154,"Last":0.00000164}}