{
	"file": {
		"MaltegoSetup.v4.1.13.11516.zip": {
			"title": "MaltegoSetup.v4.1.13.11516",
			"size": 100494968,
			"date_added": 1543484096
		},
		"1543485422-Maltego.zip": {
			"title": "Maltego",
			"size": 100495139,
			"date_added": 1543485427
		},
		"1543485443-Burp.zip": {
			"title": "Burp",
			"size": 91045733,
			"date_added": 1543485448
		}
	}
}