{
	"file": {
		"MV - 1.toutube(Av626852816,P1).webm": {
			"title": "【MV】拜托啦！狐仙大人【画了】 - 1.完成toutube(Av626852816,P1)",
			"size": 25622387,
			"date_added": 1613538801
		},
		" - 1.1613224026681.mp4(Av801671283,P1).mp4": {
			"title": "（搬运➕翻译）魔魔魔魔法 - 1.1613224026681.mp4(Av801671283,P1)",
			"size": 10546973,
			"date_added": 1613538841
		},
		"ef648faf36ef57a91974e2c278610cae.webm": {
			"title": "ef648faf36ef57a91974e2c278610cae",
			"size": 26258942,
			"date_added": 1613538935
		},
		"f7d404c7c0c30de62816938301ab8986.webm": {
			"title": "f7d404c7c0c30de62816938301ab8986",
			"size": 26510321,
			"date_added": 1613539913
		},
		"08b8208a8327f96898bf561e9236e0b9.webm": {
			"title": "08b8208a8327f96898bf561e9236e0b9",
			"size": 39245679,
			"date_added": 1613726659
		},
		"3b7b2de85200e5fea3974030c4710a35.webm": {
			"title": "3b7b2de85200e5fea3974030c4710a35",
			"size": 11444938,
			"date_added": 1613726780
		},
		"e1fa54116e5ab75e180d40b2543e7adf.webm": {
			"title": "e1fa54116e5ab75e180d40b2543e7adf",
			"size": 104329946,
			"date_added": 1613726809
		},
		"b6ef81baa76baab40db962ffdd2c47ca.webm": {
			"title": "b6ef81baa76baab40db962ffdd2c47ca",
			"size": 19364377,
			"date_added": 1613726885
		},
		"4d0ac8304f57eed047686fbb2fb7ac12.webm": {
			"title": "4d0ac8304f57eed047686fbb2fb7ac12",
			"size": 30294463,
			"date_added": 1613726974
		},
		"e472f00fd1a115fdc90d967b0b244a99.webm": {
			"title": "e472f00fd1a115fdc90d967b0b244a99",
			"size": 25941990,
			"date_added": 1613965430
		},
		"5d5409c4bd48afbb5f580e0e2a6ae3ed.webm": {
			"title": "5d5409c4bd48afbb5f580e0e2a6ae3ed",
			"size": 99262760,
			"date_added": 1613965447
		},
		"cb92f6d8a5da9056acf2c6a0c63ba680.webm": {
			"title": "cb92f6d8a5da9056acf2c6a0c63ba680",
			"size": 40142090,
			"date_added": 1614225799
		},
		"f6c17d59b297acc3ddb7a3fb325342e2.webm": {
			"title": "f6c17d59b297acc3ddb7a3fb325342e2",
			"size": 99932686,
			"date_added": 1614225810
		},
		"bd06ed3b4aacbe600f0b59809e079394.webm": {
			"title": "bd06ed3b4aacbe600f0b59809e079394",
			"size": 68030115,
			"date_added": 1614225826
		}
	}
}