{
	"file": {
		"1508612272-QQ8_8.9.22057.5.zip": {
			"title": "QQ8_8.9.22057.5",
			"size": 71008712,
			"date_added": 1508612277
		}
	}
}